{"loss": [0.6896156668663025, 0.44120490550994873, 0.298702597618103, 0.17471188306808472, 0.12679965794086456, 0.1120334342122078, 0.09013728052377701, 0.07934524863958359, 0.0556577667593956, 0.03720426931977272, 0.05512108653783798, 0.039805151522159576, 0.023076076060533524, 0.027265306562185287, 0.022243347018957138, 0.01993410289287567, 0.011556263081729412, 0.014816137962043285, 0.011951838620007038, 0.010477395728230476, 0.01061923149973154, 0.01304146833717823, 0.01083077397197485, 0.008518309332430363, 0.011374762281775475, 0.01019539125263691, 0.011997904628515244, 0.009121593087911606, 0.007750452030450106, 0.008291634730994701, 0.006840658374130726, 0.00897042267024517, 0.0074211289174854755, 0.008380635641515255], "accuracy": [0.0, 0.0, 0.0, 0.0, 0.0, 0.0008051529875956476, 0.0016103059751912951, 0.0032206119503825903, 0.004025764763355255, 0.005636070854961872, 0.00805152952671051, 0.00805152952671051, 0.00805152952671051, 0.010466989129781723, 0.01610305905342102, 0.01690821163356304, 0.020128823816776276, 0.02334943599998951, 0.021739130839705467, 0.021739130839705467, 0.02415458858013153, 0.02254428341984749, 0.028180353343486786, 0.03945249691605568, 0.03301127254962921, 0.030595812946558, 0.04508856683969498, 0.034621577709913254, 0.050724636763334274, 0.05716586112976074, 0.04750402644276619, 0.05233494192361832, 0.04911433160305023, 0.05716586112976074], "precision": [0.5954063534736633, 0.7648147940635681, 0.8752436637878418, 0.9211538434028625, 0.9539347290992737, 0.9548022747039795, 0.9637404680252075, 0.9695237874984741, 0.9791666865348816, 0.9885057210922241, 0.9752851724624634, 0.9866412281990051, 0.992409884929657, 0.9885931611061096, 0.9868173003196716, 0.9923809766769409, 0.9980915784835815, 0.9962049126625061, 0.9980915784835815, 0.9962049126625061, 0.9943073987960815, 0.9980879426002502, 0.9942965507507324, 0.9980879426002502, 0.9943181872367859, 0.9961977005004883, 0.9961904883384705, 0.9980952143669128, 0.9980952143669128, 0.9980915784835815, 0.9980952143669128, 0.9980952143669128, 0.9980952143669128, 0.9943073987960815], "recall": [0.6419047713279724, 0.7866666913032532, 0.8552380800247192, 0.9123809337615967, 0.9466666579246521, 0.9657142758369446, 0.961904764175415, 0.9695237874984741, 0.9847618937492371, 0.9828571677207947, 0.977142870426178, 0.9847618937492371, 0.9961904883384705, 0.9904761910438538, 0.9980952143669128, 0.9923809766769409, 0.9961904883384705, 1.0, 0.9961904883384705, 1.0, 0.9980952143669128, 0.9942857027053833, 0.9961904883384705, 0.9942857027053833, 1.0, 0.9980952143669128, 0.9961904883384705, 0.9980952143669128, 0.9980952143669128, 0.9961904883384705, 0.9980952143669128, 0.9980952143669128, 0.9980952143669128, 0.9980952143669128], "val_loss": [0.8727167844772339, 1.2690389156341553, 0.7700831890106201, 0.7202027440071106, 0.7974705100059509, 0.6317580342292786, 0.7325876951217651, 0.8247445821762085, 0.6643823981285095, 1.2736016511917114, 0.6718968749046326, 0.7101466059684753, 0.5372146368026733, 0.5537093877792358, 0.5093275308609009, 0.5351971387863159, 0.5677160024642944, 0.5765812993049622, 0.5033029317855835, 0.5133780241012573, 0.5338624715805054, 0.5732030868530273, 0.5468272566795349, 0.39559775590896606, 0.5343616008758545, 0.5231400728225708, 0.8500204086303711, 0.5699710249900818, 0.5076188445091248, 0.5017518401145935, 0.6099030375480652, 0.5491816401481628, 0.5301023721694946, 0.49213606119155884], "val_accuracy": [0.0, 0.0, 0.0, 0.0, 0.0, 0.0, 0.0, 0.0, 0.0, 0.0, 0.0, 0.0, 0.0, 0.0, 0.0, 0.0, 0.0, 0.0, 0.0, 0.0, 0.0, 0.0, 0.0, 0.0, 0.0, 0.0, 0.0, 0.0, 0.0, 0.0, 0.0, 0.0, 0.0, 0.0], "val_precision": [0.0, 0.0, 0.0, 0.0, 0.43877550959587097, 0.761904776096344, 1.0, 0.4651162922382355, 0.7407407164573669, 0.46987950801849365, 0.7352941036224365, 1.0, 1.0, 1.0, 1.0, 1.0, 1.0, 1.0, 1.0, 1.0, 1.0, 1.0, 1.0, 1.0, 1.0, 1.0, 1.0, 1.0, 1.0, 1.0, 1.0, 1.0, 1.0, 1.0], "val_recall": [0.0, 0.0, 0.0, 0.0, 0.9555555582046509, 0.35555556416511536, 0.2222222238779068, 0.8888888955116272, 0.4444444477558136, 0.8666666746139526, 0.5555555820465088, 0.4888888895511627, 0.6000000238418579, 0.6222222447395325, 0.6666666865348816, 0.7111111283302307, 0.6000000238418579, 0.6222222447395325, 0.6666666865348816, 0.644444465637207, 0.6666666865348816, 0.6888889074325562, 0.7111111283302307, 0.8222222328186035, 0.6888889074325562, 0.7111111283302307, 0.6000000238418579, 0.6888889074325562, 0.7333333492279053, 0.7555555701255798, 0.6888889074325562, 0.7555555701255798, 0.7111111283302307, 0.7555555701255798], "lr": [0.0010000000474974513, 0.0010000000474974513, 0.0010000000474974513, 0.0010000000474974513, 0.0010000000474974513, 0.0010000000474974513, 0.0010000000474974513, 0.0010000000474974513, 0.0010000000474974513, 0.0010000000474974513, 0.0010000000474974513, 0.0005000000237487257, 0.0005000000237487257, 0.0005000000237487257, 0.0005000000237487257, 0.0005000000237487257, 0.0005000000237487257, 0.0005000000237487257, 0.0005000000237487257, 0.0005000000237487257, 0.0005000000237487257, 0.0005000000237487257, 0.0005000000237487257, 0.0005000000237487257, 0.0005000000237487257, 0.0005000000237487257, 0.0005000000237487257, 0.0005000000237487257, 0.0005000000237487257, 0.0002500000118743628, 0.0002500000118743628, 0.0002500000118743628, 0.0002500000118743628, 0.0002500000118743628]}